region_id,district,population,density_per_sq_km,testing_rate,vax_rate
TN-ARI,Ariyalur,752481,188.12,0.0243,0.6318
TN-CHE,Chengalpattu,2556244,639.06,0.0203,0.5233
TN-CHE,Chennai,7100000,16666.67,0.3757,0.6384
TN-COI,Coimbatore,3472578,735.25,0.0294,0.7825
TN-CUD,Cuddalore,2600880,650.22,0.014,0.5881
TN-DHA,Dharmapuri,1502900,375.73,0.109,0.513
TN-DIN,Dindigul,2161367,540.34,0.0129,0.5721
TN-ERO,Erode,2259608,394.9,0.0293,0.6067
TN-KAL,Kallakurichi,1370281,342.57,0.0207,0.5081
TN-KAN,Kancheepuram,1166401,291.6,0.0322,0.5686
TN-KAN,Kanyakumari,1863178,465.79,0.0427,0.5909
TN-KAR,Karur,1076588,269.15,0.016,0.5816
TN-KRI,Krishnagiri,1883731,470.93,0.0076,0.5524
TN-MAD,Madurai,3991038,1066.84,0.0244,0.3759
TN-MAY,Mayiladuthurai,901000,225.25,0.0,0.0
TN-NAG,Nagapattinam,1614069,403.52,0.013,0.504
TN-NAM,Namakkal,1721179,430.29,0.0144,0.5739
TN-NIL,Nilgiris,735071,183.77,0.0624,0.6829
TN-PER,Perambalur,564511,141.13,0.0141,0.579
TN-PUD,Pudukkottai,1918725,479.68,0.0109,0.4312
TN-RAM,Ramanathapuram,1337560,334.39,0.0175,0.4939
TN-RAN,Ranipet,1210277,302.57,0.0166,0.4604
TN-SAL,Salem,3480008,668.59,0.0229,0.5532
TN-SIV,Sivaganga,1341250,335.31,0.0193,0.5413
TN-TEN,Tenkasi,1407627,351.91,0.0187,0.5235
TN-THA,Thanjavur,2402781,707.53,0.0281,0.5098
TN-THE,Theni,1243684,310.92,0.0369,0.5308
TN-THI,Thiruvallur,3725697,931.42,0.0182,0.3827
TN-THI,Thiruvarur,1268094,317.02,0.0532,0.497
TN-THO,Thoothukkudi,1738376,376.19,0.0284,0.5665
TN-TIR,Tiruchirappalli,2713858,616.23,0.0341,0.5411
TN-TIR,Tirunelveli,1665253,426.22,0.0326,0.4898
TN-TIR,Tirupathur,1111812,277.95,0.0216,0.487
TN-TIR,Tiruppur,2471222,617.81,0.0147,0.6763
TN-TIR,Tiruvannamalai,2468965,617.24,0.0309,0.5144
TN-VEL,Vellore,1614242,776.08,0.0297,0.4731
TN-VIL,Viluppuram,2093003,523.25,0.0249,0.5188
TN-VIR,Virudhunagar,1943309,485.83,0.0147,0.552
